"Maakond","Aasta","Kokku","Okkakahjurid","Lehekahjurid","Tüvekahjurid","Muud metsakahjurid","Juuremädanikud","Männikoorepõletik","Muud metsahaigused","Ebasoodne veerežiim","Ebasoodsad ilmaolud","Ulukite tekitatud mehaanilised kahjustused","Tuuleheide ja -murd","Metsatulekahjud","Inimtegevus","Muud põhjused"
"Kogu Eesti","1991",39209.0,548.0,122.0,660.0,1057.0,..,..,3697.0,..,..,33125.0,..,..,..,..
"Kogu Eesti","1992",38465.4,354.0,146.2,1371.0,1435.8,..,..,3340.5,..,..,31817.9,..,..,..,..
"Kogu Eesti","1993",26036.4,58.7,280.8,2128.5,1076.4,..,..,2797.3,..,..,19694.7,..,..,..,..
"Kogu Eesti","1994",22752.8,50.5,334.4,2276.8,1122.5,..,..,2358.8,..,422.7,15606.0,..,474.9,105.0,1.2
"Kogu Eesti","1995",21671.0,23.6,309.2,1875.9,1425.7,..,..,1848.6,..,370.9,15430.1,..,241.9,124.4,20.7
"Kogu Eesti","1996",20313.6,32.6,247.5,1329.3,1046.3,..,..,1503.1,..,368.0,15354.5,..,276.1,143.0,13.2
"Kogu Eesti","1997",18225.0,17.8,136.1,2206.8,1354.2,..,..,2034.8,..,349.9,11796.8,..,221.8,106.8,0.0
"Kogu Eesti","1998",13638.3,25.5,76.6,..,..,2702.6,85.5,..,1428.2,..,8071.5,569.9,279.8,0.0,398.7
"Kogu Eesti","1999",13556.1,25.6,95.5,..,..,2501.7,61.0,..,1279.9,..,7186.8,1811.0,185.1,0.0,409.5
"Kogu Eesti","2000",16781.3,14.3,631.1,..,..,2602.5,62.1,..,3302.1,..,8673.9,716.2,294.3,0.0,484.8
"Kogu Eesti","2001",20454.1,17.3,57.1,..,..,2533.5,71.7,..,3461.9,..,7659.1,6127.7,138.5,0.0,387.3
"Kogu Eesti","2002",21779.6,43.0,4.9,..,..,1985.6,1.5,..,228.1,..,1026.2,15953.0,554.8,..,1982.5
"Kogu Eesti","2003",13574.8,34.0,117.0,..,..,4279.4,0.0,..,419.3,..,2011.7,5116.8,85.7,..,1510.9
"Kogu Eesti","2004",11180.9,7.9,90.2,..,..,3757.4,2.5,..,1178.7,..,2299.5,3071.7,104.2,..,668.8
"Kogu Eesti","2005",39932.4,28.3,356.7,..,..,3722.2,33.6,..,1428.1,..,1653.5,32137.8,32.2,..,540.1
"Kogu Eesti","2006",17088.8,63.9,5.1,..,..,2647.4,1.0,..,587.1,..,1701.8,10155.0,822.1,..,1105.4
"Kogu Eesti","2007",13142.1,90.4,12.8,..,..,2804.0,17.2,..,375.4,..,2114.6,4880.5,91.1,..,2756.1
"Kogu Eesti","2008",12616.6,145.8,17.9,..,..,4391.2,..,..,595.1,..,1785.8,3291.7,152.6,..,2236.5
"Kogu Eesti","2009",10177.1,15.3,8.6,..,..,2098.3,..,..,358.8,..,1045.0,3365.2,33.9,..,3252.0
"Kogu Eesti","2010",13675.0,34.6,2.5,..,..,1981.2,..,..,277.2,..,869.2,7869.8,7.7,..,2632.9
"Kogu Eesti","2011",12969.3,57.9,3.3,..,..,1820.2,..,..,281.8,..,992.1,5266.5,18.9,..,4528.6
"Kogu Eesti","2012",19096.4,84.8,170.8,..,..,2085.0,..,..,300.0,..,1425.0,11368.0,30.0,..,3632.8
"Kogu Eesti","2013",14035.5,53.3,6.8,..,..,2003.2,..,..,226.2,..,2411.1,5725.8,26.1,..,3583.0
"Kogu Eesti","2014",20414.2,98.8,12.2,..,..,1399.7,..,..,320.1,..,5584.4,8522.4,145.2,..,4331.4
"Kogu Eesti","2015",10024.8,38.3,13.6,..,..,915.3,..,..,222.0,..,3857.1,2725.1,38.8,..,2214.6
"Kogu Eesti","2016",11273.5,7.9,1.6,..,..,759.2,..,..,174.0,..,2615.9,5700.3,194.2,..,1820.4
"Kogu Eesti","2017",5136.7,0.0,4.1,..,..,587.4,..,..,156.6,..,1871.8,1571.9,45.7,..,899.3
"Kogu Eesti","2018",2283.8,0.0,0.0,..,..,183.7,..,..,166.8,0.0,836.9,475.2,146.3,..,474.2
"Kogu Eesti","2019",2691.4,0.0,0.0,..,..,208.5,..,..,159.2,0.0,743.9,574.6,3.8,..,1000.7
"Kogu Eesti","2020",3373.6,0.2,0.0,..,..,333.1,..,..,136.1,..,675.0,928.4,111.3,..,1189.5
"Kogu Eesti","2021",2310.0,0.2,0.0,..,..,230.6,..,..,69.7,..,579.5,452.9,3.3,..,973.8
"Kogu Eesti","2022",4206.9,13.2,0.0,..,..,306.0,..,..,77.9,..,661.9,319.6,5.8,..,2822.5
"Kogu Eesti","2023",4807.0,12.1,49.9,..,..,216.6,..,..,40.9,..,675.3,1147.9,11.8,..,2652.6
"Harju maakond","1991",..,..,..,..,..,..,..,..,..,..,..,..,..,..,..
"Harju maakond","1992",..,..,..,..,..,..,..,..,..,..,..,..,..,..,..
"Harju maakond","1993",2208.4,0.0,0.0,16.1,70.0,..,..,165.1,..,..,1957.2,..,..,..,..
"Harju maakond","1994",2848.5,0.0,21.0,16.0,0.0,..,..,134.5,..,37.5,2378.5,..,249.6,11.4,0.0
"Harju maakond","1995",2866.3,0.8,10.0,4.6,89.9,..,..,185.5,..,15.5,2410.3,..,132.9,16.8,0.0
"Harju maakond","1996",2416.7,0.0,10.0,7.9,1.5,..,..,107.1,..,18.7,2147.0,..,113.7,10.8,0.0
"Harju maakond","1997",1696.2,0.0,10.0,16.7,0.0,..,..,82.3,..,21.1,1439.5,..,122.7,3.9,0.0
"Harju maakond","1998",695.7,11.2,0.0,..,..,19.2,34.0,..,4.2,..,393.2,5.0,218.8,0.0,10.1
"Harju maakond","1999",444.5,0.0,0.0,..,..,30.8,2.6,..,8.3,..,316.6,15.9,66.0,0.0,4.3
"Harju maakond","2000",941.0,3.1,0.0,..,..,52.1,2.6,..,30.2,..,688.6,36.7,107.8,0.0,19.9
"Harju maakond","2001",736.6,0.0,0.0,..,..,18.6,0.0,..,33.1,..,556.1,64.3,62.8,0.0,1.7
"Harju maakond","2002",686.9,0.0,0.0,..,..,60.8,1.5,..,0.0,..,85.2,428.7,99.8,..,10.9
"Harju maakond","2003",471.6,0.0,0.0,..,..,165.3,0.0,..,1.5,..,124.3,153.6,3.3,..,23.6
"Harju maakond","2004",406.2,0.0,0.0,..,..,176.2,0.0,..,1.0,..,149.9,37.0,0.6,..,41.5
"Harju maakond","2005",618.5,0.0,0.0,..,..,229.7,1.5,..,21.1,..,277.4,49.3,8.7,..,30.8
"Harju maakond","2006",604.7,0.0,0.0,..,..,98.4,0.0,..,2.8,..,48.6,6.0,441.8,..,7.1
"Harju maakond","2007",766.3,3.3,0.0,..,..,223.2,0.0,..,16.6,..,141.8,272.3,60.3,..,48.8
"Harju maakond","2008",464.2,1.3,0.0,..,..,143.4,..,..,21.7,..,77.1,133.1,25.8,..,61.8
"Harju maakond","2009",495.1,0.3,2.6,..,..,141.1,..,..,18.1,..,61.0,174.8,9.1,..,88.1
"Harju maakond","2010",525.8,0.0,0.0,..,..,168.4,..,..,11.9,..,88.6,153.2,1.5,..,102.2
"Harju maakond","2011",958.5,0.8,0.0,..,..,262.3,..,..,10.1,..,79.7,266.7,4.9,..,334.0
"Harju maakond","2012",1235.5,7.9,12.7,..,..,170.8,..,..,10.0,..,141.7,589.5,14.2,..,288.7
"Harju maakond","2013",737.5,1.5,3.7,..,..,137.5,..,..,16.2,..,197.4,158.2,3.0,..,220.0
"Harju maakond","2014",1514.2,11.2,0.0,..,..,186.5,..,..,21.0,..,530.1,414.4,53.7,..,297.3
"Harju maakond","2015",803.2,0.0,0.0,..,..,111.5,..,..,12.2,..,438.7,97.4,25.1,..,118.3
"Harju maakond","2016",497.7,0.0,0.4,..,..,66.7,..,..,7.0,..,252.0,57.3,42.9,..,71.4
"Harju maakond","2017",276.7,0.0,0.0,..,..,38.1,..,..,10.9,..,103.0,59.2,0.0,..,65.5
"Harju maakond","2018",299.0,0.0,0.0,..,..,8.4,..,..,7.1,..,162.2,9.8,103.5,..,8.0
"Harju maakond","2019",100.1,0.0,0.0,..,..,2.0,..,..,0.4,..,62.1,6.5,0.5,..,28.6
"Harju maakond","2020",196.1,0.0,0.0,..,..,19.1,..,..,0.6,..,41.4,25.0,50.7,..,59.4
"Harju maakond","2021",125.9,0.0,0.0,..,..,9.5,..,..,1.7,..,59.6,4.2,0.0,..,50.9
"Harju maakond","2022",177.3,0.0,0.0,..,..,7.8,..,..,2.4,..,88.0,15.8,0.0,..,63.3
"Harju maakond","2023",298.0,0.0,0.0,..,..,2.6,..,..,7.8,..,183.8,26.0,0.0,..,77.7
"Hiiu maakond","1991",..,..,..,..,..,..,..,..,..,..,..,..,..,..,..
"Hiiu maakond","1992",..,..,..,..,..,..,..,..,..,..,..,..,..,..,..
"Hiiu maakond","1993",360.8,0.0,57.0,0.0,8.2,..,..,295.6,..,..,0.0,..,..,..,..
"Hiiu maakond","1994",367.8,0.0,0.0,63.5,0.0,..,..,300.5,..,3.8,0.0,..,0.0,0.0,0.0
"Hiiu maakond","1995",352.2,0.0,0.0,57.8,0.0,..,..,162.9,..,13.2,118.3,..,0.0,0.0,0.0
"Hiiu maakond","1996",363.7,9.8,0.0,69.9,0.0,..,..,150.1,..,15.6,118.3,..,0.0,0.0,0.0
"Hiiu maakond","1997",1264.5,0.0,0.0,680.3,0.0,..,..,97.9,..,29.0,453.2,..,0.0,4.1,0.0
"Hiiu maakond","1998",1196.0,0.0,0.0,..,..,692.3,0.0,..,25.1,..,396.2,1.4,4.6,0.0,76.4
"Hiiu maakond","1999",1197.2,0.0,0.0,..,..,684.8,0.0,..,25.7,..,405.4,1.4,4.6,0.0,75.3
"Hiiu maakond","2000",1143.0,0.0,0.0,..,..,657.2,0.0,..,26.7,..,384.9,0.0,4.6,0.0,69.6
"Hiiu maakond","2001",1157.8,0.0,0.0,..,..,645.6,0.0,..,26.7,..,384.9,30.1,4.6,0.0,65.9
"Hiiu maakond","2002",144.3,0.0,0.0,..,..,2.5,0.0,..,0.0,..,20.8,111.2,4.3,..,5.5
"Hiiu maakond","2003",56.6,0.0,0.0,..,..,7.9,0.0,..,0.0,..,24.3,23.9,0.0,..,0.5
"Hiiu maakond","2004",156.9,0.0,86.0,..,..,19.9,0.0,..,0.8,..,33.1,14.3,0.0,..,2.8
"Hiiu maakond","2005",805.3,0.0,343.0,..,..,4.7,0.0,..,0.0,..,4.8,445.5,0.0,..,7.3
"Hiiu maakond","2006",192.0,0.0,0.0,..,..,10.8,0.0,..,2.3,..,33.2,141.4,2.0,..,2.3
"Hiiu maakond","2007",267.1,0.0,0.0,..,..,35.5,0.0,..,0.0,..,11.5,211.2,0.0,..,8.9
"Hiiu maakond","2008",478.0,0.0,0.0,..,..,43.5,..,..,0.0,..,297.6,93.1,0.0,..,43.8
"Hiiu maakond","2009",120.1,0.0,0.0,..,..,0.9,..,..,0.0,..,44.3,17.5,0.0,..,57.4
"Hiiu maakond","2010",31.2,0.0,0.0,..,..,3.6,..,..,0.0,..,26.3,0.0,0.0,..,1.3
"Hiiu maakond","2011",4.8,0.0,0.0,..,..,2.9,..,..,1.9,..,0.0,0.0,0.0,..,0.0
"Hiiu maakond","2012",47.2,0.0,0.0,..,..,1.2,..,..,0.0,..,43.8,2.2,0.0,..,0.0
"Hiiu maakond","2013",20.3,0.0,0.0,..,..,1.0,..,..,1.0,..,18.3,0.0,0.0,..,0.0
"Hiiu maakond","2014",116.7,0.2,0.0,..,..,28.3,..,..,10.4,..,18.2,10.1,3.5,..,46.0
"Hiiu maakond","2015",9.4,0.0,0.0,..,..,0.6,..,..,0.0,..,2.3,0.0,0.0,..,6.5
"Hiiu maakond","2016",23.0,0.0,0.0,..,..,0.0,..,..,0.0,..,8.1,12.0,0.0,..,2.9
"Hiiu maakond","2017",31.9,0.0,1.2,..,..,8.1,..,..,0.0,..,11.4,2.1,0.0,..,9.1
"Hiiu maakond","2018",0.3,0.0,0.0,..,..,0.0,..,..,0.0,..,0.3,0.0,0.0,..,0.0
"Hiiu maakond","2019",10.0,0.0,0.0,..,..,2.4,..,..,0.0,..,0.0,4.6,0.0,..,3.0
"Hiiu maakond","2020",29.8,0.0,0.0,..,..,0.0,..,..,0.0,..,0.0,29.8,0.0,..,0.0
"Hiiu maakond","2021",12.0,0.0,0.0,..,..,4.5,..,..,0.0,..,0.0,5.2,0.0,..,2.3
"Hiiu maakond","2022",8.5,0.0,0.0,..,..,0.0,..,..,0.0,..,0.0,7.0,0.0,..,1.5
"Hiiu maakond","2023",7.8,0.0,0.0,..,..,3.4,..,..,0.0,..,0.0,3.9,0.0,..,0.5
"Ida-Viru maakond","1991",..,..,..,..,..,..,..,..,..,..,..,..,..,..,..
"Ida-Viru maakond","1992",..,..,..,..,..,..,..,..,..,..,..,..,..,..,..
"Ida-Viru maakond","1993",2395.9,0.0,0.0,52.6,356.3,..,..,73.8,..,..,1913.2,..,..,..,..
"Ida-Viru maakond","1994",2348.3,0.0,0.0,35.6,363.8,..,..,56.2,..,52.1,1822.4,..,12.0,6.2,0.0
"Ida-Viru maakond","1995",2363.6,0.0,0.0,42.6,439.6,..,..,33.5,..,29.0,1793.0,..,7.7,18.2,0.0
"Ida-Viru maakond","1996",3913.5,0.0,0.0,81.9,268.8,..,..,169.6,..,139.3,3191.4,..,32.7,25.9,3.9
"Ida-Viru maakond","1997",2234.4,0.0,0.0,18.7,130.0,..,..,137.4,..,63.7,1822.0,..,40.5,22.1,0.0
"Ida-Viru maakond","1998",2250.4,0.0,0.0,..,..,48.6,0.0,..,139.8,..,1832.8,93.9,6.0,0.0,129.3
"Ida-Viru maakond","1999",2056.6,0.0,0.0,..,..,53.6,0.0,..,150.3,..,1614.8,73.5,38.3,0.0,126.1
"Ida-Viru maakond","2000",1985.5,0.0,0.0,..,..,43.7,0.0,..,239.0,..,1499.5,39.9,46.0,0.0,117.4
"Ida-Viru maakond","2001",3012.6,0.0,0.0,..,..,43.9,0.0,..,261.5,..,1410.9,1194.7,32.7,0.0,68.9
"Ida-Viru maakond","2002",1708.9,0.0,4.9,..,..,14.6,0.0,..,9.9,..,24.7,1439.8,184.2,..,30.8
"Ida-Viru maakond","2003",797.5,0.0,0.0,..,..,7.5,0.0,..,74.8,..,107.0,551.7,30.5,..,26.0
"Ida-Viru maakond","2004",677.0,0.0,0.0,..,..,51.2,2.5,..,436.4,..,57.3,28.9,7.2,..,93.5
"Ida-Viru maakond","2005",1296.5,0.0,0.0,..,..,5.6,0.0,..,1085.9,..,76.2,100.1,6.4,..,22.3
"Ida-Viru maakond","2006",447.3,20.6,0.0,..,..,5.8,0.0,..,39.0,..,35.6,133.9,186.0,..,26.4
"Ida-Viru maakond","2007",501.3,0.5,0.0,..,..,43.2,0.0,..,67.9,..,106.8,170.2,0.7,..,112.0
"Ida-Viru maakond","2008",427.5,1.0,0.0,..,..,59.5,..,..,71.1,..,109.5,126.8,0.9,..,58.7
"Ida-Viru maakond","2009",586.5,0.0,0.0,..,..,76.1,..,..,97.5,..,24.7,237.3,1.7,..,149.2
"Ida-Viru maakond","2010",686.7,0.8,0.8,..,..,78.7,..,..,40.4,..,38.0,424.2,1.0,..,102.8
"Ida-Viru maakond","2011",763.6,0.0,0.0,..,..,75.3,..,..,31.1,..,28.2,416.1,9.0,..,203.9
"Ida-Viru maakond","2012",1841.2,0.2,0.3,..,..,112.3,..,..,28.5,..,27.9,1410.9,6.0,..,255.1
"Ida-Viru maakond","2013",986.8,0.0,0.0,..,..,54.6,..,..,35.6,..,76.3,379.9,3.0,..,437.4
"Ida-Viru maakond","2014",1780.7,0.0,0.0,..,..,25.9,..,..,75.0,..,291.2,1012.4,46.2,..,330.0
"Ida-Viru maakond","2015",971.8,0.0,0.0,..,..,32.3,..,..,43.9,..,394.8,326.9,6.3,..,167.6
"Ida-Viru maakond","2016",708.6,0.0,0.0,..,..,25.5,..,..,24.7,..,190.8,199.6,77.3,..,190.7
"Ida-Viru maakond","2017",450.2,0.0,0.0,..,..,18.5,..,..,19.8,..,205.6,88.8,1.3,..,116.2
"Ida-Viru maakond","2018",99.7,0.0,0.0,..,..,2.3,..,..,5.0,..,42.1,9.4,4.6,..,36.4
"Ida-Viru maakond","2019",57.4,0.0,0.0,..,..,4.2,..,..,5.9,..,16.3,11.1,0.8,..,19.0
"Ida-Viru maakond","2020",114.4,0.0,0.0,..,..,4.1,..,..,33.6,..,17.5,11.7,1.4,..,46.0
"Ida-Viru maakond","2021",44.4,0.0,0.0,..,..,0.0,..,..,1.7,..,24.2,4.8,1.2,..,12.5
"Ida-Viru maakond","2022",51.2,0.0,0.0,..,..,9.2,..,..,1.5,..,17.1,5.9,0.0,..,17.5
"Ida-Viru maakond","2023",76.6,0.0,0.0,..,..,1.0,..,..,1.8,..,36.6,13.6,0.0,..,23.7
"Jõgeva maakond","1991",..,..,..,..,..,..,..,..,..,..,..,..,..,..,..
"Jõgeva maakond","1992",..,..,..,..,..,..,..,..,..,..,..,..,..,..,..
"Jõgeva maakond","1993",1484.7,0.0,45.1,235.8,112.9,..,..,109.9,..,..,981.0,..,..,..,..
"Jõgeva maakond","1994",1260.2,0.0,62.3,107.7,90.7,..,..,207.4,..,59.1,726.7,..,0.0,6.3,0.0
"Jõgeva maakond","1995",987.6,0.0,39.9,54.5,35.7,..,..,92.8,..,57.6,701.8,..,0.0,5.3,0.0
"Jõgeva maakond","1996",895.6,0.0,32.5,51.9,39.6,..,..,93.3,..,12.1,661.8,..,0.0,4.4,0.0
"Jõgeva maakond","1997",765.0,0.0,15.0,32.6,18.0,..,..,112.3,..,38.6,546.5,..,2.0,0.0,0.0
"Jõgeva maakond","1998",615.9,0.0,3.3,..,..,35.1,5.5,..,51.5,..,468.9,40.3,0.0,0.0,11.3
"Jõgeva maakond","1999",532.1,0.0,3.4,..,..,64.4,0.0,..,42.9,..,128.0,293.4,0.0,0.0,0.0
"Jõgeva maakond","2000",547.8,0.0,1.5,..,..,17.7,0.0,..,88.4,..,341.1,99.1,0.0,0.0,0.0
"Jõgeva maakond","2001",1817.9,6.1,1.5,..,..,38.8,16.1,..,91.1,..,348.6,1315.7,0.0,0.0,0.0
"Jõgeva maakond","2002",3742.9,1.2,0.0,..,..,63.2,0.0,..,9.6,..,157.2,3370.4,2.1,..,139.2
"Jõgeva maakond","2003",2504.2,4.3,0.0,..,..,257.3,0.0,..,23.8,..,434.5,1632.0,0.6,..,151.7
"Jõgeva maakond","2004",957.6,0.0,0.0,..,..,117.2,0.0,..,19.0,..,104.0,610.4,0.0,..,107.0
"Jõgeva maakond","2005",3972.6,0.0,5.4,..,..,42.2,0.0,..,39.5,..,45.5,3832.7,0.0,..,7.3
"Jõgeva maakond","2006",1632.1,5.2,0.0,..,..,202.3,0.0,..,40.0,..,117.0,1046.0,0.0,..,221.6
"Jõgeva maakond","2007",707.7,3.1,2.7,..,..,75.1,0.0,..,27.8,..,121.3,276.5,1.8,..,199.4
"Jõgeva maakond","2008",850.3,3.3,0.0,..,..,195.0,..,..,30.0,..,166.0,282.5,0.0,..,173.5
"Jõgeva maakond","2009",566.5,0.0,0.0,..,..,112.7,..,..,29.7,..,83.9,174.0,3.2,..,163.0
"Jõgeva maakond","2010",979.1,0.0,0.0,..,..,112.3,..,..,34.9,..,88.3,571.6,0.0,..,172.1
"Jõgeva maakond","2011",767.5,0.0,2.0,..,..,55.0,..,..,8.9,..,62.8,307.9,0.0,..,330.9
"Jõgeva maakond","2012",1469.9,1.3,2.6,..,..,217.6,..,..,37.5,..,84.3,802.6,0.0,..,324.0
"Jõgeva maakond","2013",1117.5,0.0,0.4,..,..,96.8,..,..,14.4,..,157.2,510.4,1.0,..,337.3
"Jõgeva maakond","2014",2347.3,0.0,1.1,..,..,35.2,..,..,14.2,..,922.8,825.6,0.0,..,548.4
"Jõgeva maakond","2015",1382.7,0.0,5.3,..,..,49.7,..,..,11.4,..,881.0,250.5,0.0,..,184.8
"Jõgeva maakond","2016",633.3,0.0,0.1,..,..,23.4,..,..,20.8,..,362.4,154.4,0.0,..,72.2
"Jõgeva maakond","2017",405.1,0.0,0.0,..,..,15.5,..,..,10.8,..,289.4,41.8,1.7,..,45.9
"Jõgeva maakond","2018",88.2,0.0,0.0,..,..,6.3,..,..,2.3,..,55.0,3.4,0.0,..,21.1
"Jõgeva maakond","2019",156.1,0.0,0.0,..,..,14.6,..,..,12.0,..,70.0,7.7,0.0,..,51.9
"Jõgeva maakond","2020",110.7,0.0,0.0,..,..,1.3,..,..,3.9,..,10.9,25.8,0.6,..,68.2
"Jõgeva maakond","2021",89.5,0.0,0.0,..,..,2.2,..,..,3.8,..,28.0,14.2,0.0,..,41.4
"Jõgeva maakond","2022",257.7,0.0,0.0,..,..,5.3,..,..,4.5,..,64.0,16.6,2.1,..,165.3
"Jõgeva maakond","2023",129.9,0.0,0.0,..,..,1.0,..,..,1.1,..,13.2,9.2,0.7,..,104.7
"Järva maakond","1991",..,..,..,..,..,..,..,..,..,..,..,..,..,..,..
"Järva maakond","1992",..,..,..,..,..,..,..,..,..,..,..,..,..,..,..
"Järva maakond","1993",3889.1,0.8,0.0,209.4,74.7,..,..,378.2,..,..,3226.0,..,..,..,..
"Järva maakond","1994",2325.1,0.8,5.6,244.5,55.1,..,..,272.3,..,0.2,1743.5,..,3.1,0.0,0.0
"Järva maakond","1995",2460.9,0.8,5.6,109.0,61.6,..,..,506.9,..,0.2,1763.2,..,3.1,2.0,8.5
"Järva maakond","1996",1549.6,0.8,5.6,47.1,61.1,..,..,234.5,..,2.3,1191.3,..,3.1,3.8,0.0
"Järva maakond","1997",1187.8,0.8,5.6,48.9,45.2,..,..,182.5,..,28.4,872.0,..,4.4,0.0,0.0
"Järva maakond","1998",757.9,0.0,0.0,..,..,140.9,1.9,..,35.9,..,554.5,10.2,2.0,0.0,12.5
"Järva maakond","1999",1040.8,0.0,0.0,..,..,80.2,1.9,..,241.5,..,501.5,209.0,1.6,0.0,5.1
"Järva maakond","2000",5270.2,0.0,581.4,..,..,296.2,0.0,..,2050.6,..,2195.4,61.7,2.0,0.0,82.9
"Järva maakond","2001",4740.3,0.0,0.0,..,..,277.1,0.0,..,2033.6,..,2036.0,327.5,2.0,0.0,64.1
"Järva maakond","2002",1299.1,22.6,0.0,..,..,464.0,0.0,..,5.0,..,124.9,682.3,0.3,..,0.0
"Järva maakond","2003",1117.5,0.7,0.0,..,..,627.7,0.0,..,9.9,..,168.7,203.3,2.6,..,104.6
"Järva maakond","2004",1598.7,0.0,0.0,..,..,776.9,0.0,..,104.4,..,463.6,209.3,0.0,..,44.5
"Järva maakond","2005",2341.4,0.0,0.0,..,..,427.1,0.0,..,15.8,..,69.6,1723.0,0.0,..,105.9
"Järva maakond","2006",828.4,0.0,0.0,..,..,412.1,0.0,..,13.0,..,113.1,187.8,4.6,..,97.8
"Järva maakond","2007",1843.8,0.0,0.0,..,..,427.2,0.0,..,25.3,..,234.6,584.7,1.2,..,570.8
"Järva maakond","2008",1861.1,2.3,1.6,..,..,881.9,..,..,12.8,..,275.4,379.9,0.0,..,307.2
"Järva maakond","2009",1234.0,5.0,0.0,..,..,318.4,..,..,31.4,..,163.5,370.9,0.0,..,344.8
"Järva maakond","2010",1123.5,8.3,0.6,..,..,285.6,..,..,13.7,..,111.8,372.5,0.0,..,331.0
"Järva maakond","2011",1749.3,5.9,0.0,..,..,228.0,..,..,1.9,..,188.2,564.1,0.0,..,761.2
"Järva maakond","2012",2993.9,0.7,0.0,..,..,209.6,..,..,20.6,..,132.1,2280.7,0.0,..,350.2
"Järva maakond","2013",2171.0,0.0,0.0,..,..,201.1,..,..,19.5,..,742.8,779.3,8.0,..,420.3
"Järva maakond","2014",2696.3,0.8,0.0,..,..,104.5,..,..,6.2,..,894.9,1376.4,4.3,..,309.2
"Järva maakond","2015",1017.2,0.0,0.0,..,..,89.0,..,..,0.2,..,238.7,456.8,0.0,..,232.5
"Järva maakond","2016",829.2,0.0,0.0,..,..,71.0,..,..,5.7,..,194.5,450.0,2.2,..,105.8
"Järva maakond","2017",570.1,0.0,0.0,..,..,82.3,..,..,10.4,..,120.9,256.7,0.0,..,99.9
"Järva maakond","2018",296.2,0.0,0.0,..,..,25.3,..,..,4.7,..,173.3,35.9,21.4,..,35.5
"Järva maakond","2019",270.8,0.0,0.0,..,..,22.4,..,..,6.1,..,171.6,16.2,0.0,..,54.7
"Järva maakond","2020",455.6,0.0,0.0,..,..,77.0,..,..,12.4,..,197.6,31.0,26.7,..,110.8
"Järva maakond","2021",235.9,0.0,0.0,..,..,24.1,..,..,1.5,..,120.6,11.9,0.0,..,77.8
"Järva maakond","2022",388.0,0.0,0.0,..,..,110.4,..,..,0.0,..,89.9,3.0,0.0,..,184.6
"Järva maakond","2023",441.0,0.0,0.0,..,..,64.1,..,..,1.0,..,118.4,12.5,0.0,..,245.0
"Lääne maakond","1991",..,..,..,..,..,..,..,..,..,..,..,..,..,..,..
"Lääne maakond","1992",..,..,..,..,..,..,..,..,..,..,..,..,..,..,..
"Lääne maakond","1993",1944.8,0.0,16.4,15.0,8.6,..,..,145.7,..,..,1759.1,..,..,..,..
"Lääne maakond","1994",1699.4,0.0,47.0,14.8,0.0,..,..,154.2,..,2.2,1480.6,..,0.6,0.0,0.0
"Lääne maakond","1995",1621.9,0.0,47.0,4.0,8.6,..,..,103.4,..,5.5,1453.4,..,0.0,0.0,0.0
"Lääne maakond","1996",1404.4,0.0,8.0,10.2,20.2,..,..,108.7,..,2.7,1254.1,..,0.5,0.0,0.0
"Lääne maakond","1997",1532.1,0.0,0.0,2.4,416.4,..,..,130.8,..,29.2,953.3,..,0.0,0.0,0.0
"Lääne maakond","1998",366.1,0.0,0.0,..,..,0.3,10.0,..,344.5,..,5.0,0.8,0.1,0.0,5.4
"Lääne maakond","1999",368.0,0.0,0.0,..,..,2.4,5.7,..,4.9,..,231.8,37.7,5.7,0.0,79.8
"Lääne maakond","2000",301.9,0.0,0.0,..,..,5.2,3.5,..,1.1,..,191.1,14.1,0.0,0.0,86.9
"Lääne maakond","2001",26.0,0.0,0.0,..,..,2.0,0.0,..,2.2,..,19.5,0.0,0.0,0.0,2.3
"Lääne maakond","2002",829.8,14.6,0.0,..,..,52.8,0.0,..,38.7,..,50.0,341.9,21.6,..,310.2
"Lääne maakond","2003",460.1,18.7,0.0,..,..,62.6,0.0,..,72.8,..,100.2,185.5,17.8,..,2.5
"Lääne maakond","2004",396.6,0.0,0.0,..,..,31.6,0.0,..,66.3,..,105.6,168.3,21.7,..,3.1
"Lääne maakond","2005",684.7,12.6,0.0,..,..,22.9,32.1,..,27.5,..,321.2,266.1,2.4,..,0.0
"Lääne maakond","2006",363.5,0.0,0.0,..,..,15.8,0.0,..,39.0,..,283.5,24.3,0.9,..,0.0
"Lääne maakond","2007",207.0,0.0,0.0,..,..,35.1,0.0,..,9.2,..,28.8,61.1,0.5,..,72.3
"Lääne maakond","2008",417.1,0.0,0.0,..,..,119.0,..,..,21.8,..,18.1,70.3,107.3,..,80.6
"Lääne maakond","2009",211.4,0.0,0.0,..,..,15.3,..,..,12.6,..,15.3,94.6,0.8,..,72.8
"Lääne maakond","2010",243.4,0.0,0.0,..,..,51.1,..,..,7.6,..,13.8,31.4,0.0,..,139.5
"Lääne maakond","2011",124.1,0.0,0.0,..,..,34.4,..,..,2.9,..,2.3,4.9,0.0,..,79.6
"Lääne maakond","2012",201.5,0.0,0.0,..,..,34.9,..,..,6.4,..,15.4,31.3,0.0,..,113.5
"Lääne maakond","2013",187.8,0.0,0.0,..,..,25.9,..,..,2.1,..,73.9,16.3,0.0,..,69.6
"Lääne maakond","2014",482.5,2.0,0.0,..,..,20.3,..,..,13.7,..,79.1,16.7,1.7,..,349.0
"Lääne maakond","2015",154.5,0.0,0.0,..,..,20.5,..,..,8.0,..,20.8,8.5,0.0,..,96.7
"Lääne maakond","2016",265.5,0.0,0.0,..,..,32.7,..,..,17.2,..,57.8,8.4,20.2,..,129.2
"Lääne maakond","2017",99.4,0.0,0.0,..,..,0.7,..,..,9.9,..,25.0,3.9,0.0,..,59.9
"Lääne maakond","2018",37.6,0.0,0.0,..,..,1.6,..,..,2.4,..,1.9,1.9,1.4,..,28.4
"Lääne maakond","2019",89.4,0.0,0.0,..,..,6.6,..,..,0.0,..,4.5,18.1,0.0,..,60.2
"Lääne maakond","2020",98.3,0.0,0.0,..,..,5.5,..,..,1.6,..,0.5,30.7,0.0,..,60.1
"Lääne maakond","2021",21.8,0.0,0.0,..,..,0.3,..,..,0.0,..,0.0,4.0,0.9,..,16.7
"Lääne maakond","2022",68.3,0.0,0.0,..,..,4.1,..,..,2.0,..,1.8,8.8,1.9,..,49.8
"Lääne maakond","2023",51.7,0.0,0.0,..,..,4.2,..,..,0.0,..,4.4,15.4,0.0,..,27.8
"Lääne-Viru maakond","1991",..,..,..,..,..,..,..,..,..,..,..,..,..,..,..
"Lääne-Viru maakond","1992",..,..,..,..,..,..,..,..,..,..,..,..,..,..,..
"Lääne-Viru maakond","1993",1126.6,35.9,7.3,269.6,1.3,..,..,247.6,..,..,564.9,..,..,..,..
"Lääne-Viru maakond","1994",1071.1,27.7,24.4,205.5,136.4,..,..,176.8,..,0.0,499.1,..,0.0,0.0,1.2
"Lääne-Viru maakond","1995",845.9,0.0,23.2,209.5,27.1,..,..,130.8,..,2.1,452.7,..,0.0,0.0,0.5
"Lääne-Viru maakond","1996",1206.6,0.0,5.8,95.2,54.8,..,..,136.9,..,7.9,887.7,..,0.0,18.3,0.0
"Lääne-Viru maakond","1997",1120.5,5.8,6.6,94.0,51.1,..,..,195.7,..,16.9,739.5,..,2.1,8.8,0.0
"Lääne-Viru maakond","1998",1026.8,3.1,10.0,..,..,134.6,34.1,..,221.7,..,535.8,16.0,0.0,0.0,71.5
"Lääne-Viru maakond","1999",1554.7,0.0,10.0,..,..,226.4,50.8,..,160.5,..,793.5,271.7,0.1,0.0,41.7
"Lääne-Viru maakond","2000",1483.0,0.0,0.0,..,..,308.4,56.0,..,189.3,..,623.3,211.0,69.0,0.0,26.0
"Lääne-Viru maakond","2001",3324.9,0.0,0.0,..,..,254.4,55.6,..,151.1,..,335.8,2515.7,0.0,0.0,12.3
"Lääne-Viru maakond","2002",7120.2,1.0,0.0,..,..,454.3,0.0,..,11.6,..,168.6,5134.7,0.0,..,1350.0
"Lääne-Viru maakond","2003",3294.1,0.0,0.0,..,..,810.8,0.0,..,3.2,..,374.7,1317.1,0.9,..,787.4
"Lääne-Viru maakond","2004",1268.0,0.0,0.0,..,..,300.0,0.0,..,200.8,..,121.9,567.9,0.0,..,77.4
"Lääne-Viru maakond","2005",1820.3,4.7,0.0,..,..,387.9,0.0,..,11.9,..,194.0,1039.0,1.9,..,180.9
"Lääne-Viru maakond","2006",1566.4,6.4,0.0,..,..,239.1,0.0,..,25.6,..,232.7,842.5,10.2,..,209.9
"Lääne-Viru maakond","2007",2058.2,3.8,2.8,..,..,367.1,17.2,..,46.2,..,362.5,691.7,4.6,..,562.3
"Lääne-Viru maakond","2008",2232.3,0.3,4.5,..,..,968.3,..,..,64.3,..,120.5,592.0,2.5,..,479.9
"Lääne-Viru maakond","2009",2487.0,0.0,0.5,..,..,627.2,..,..,26.3,..,156.3,990.9,0.8,..,685.0
"Lääne-Viru maakond","2010",5243.1,0.0,0.0,..,..,411.7,..,..,34.1,..,111.8,4141.2,0.0,..,544.3
"Lääne-Viru maakond","2011",4443.4,0.9,0.0,..,..,464.3,..,..,9.3,..,87.4,2556.1,0.8,..,1324.6
"Lääne-Viru maakond","2012",5935.7,0.0,0.0,..,..,515.4,..,..,27.6,..,155.2,4281.2,0.0,..,956.3
"Lääne-Viru maakond","2013",3488.0,1.0,0.0,..,..,673.5,..,..,21.5,..,317.2,1547.2,0.0,..,927.6
"Lääne-Viru maakond","2014",4416.2,0.9,5.6,..,..,558.7,..,..,17.9,..,510.6,2482.6,1.4,..,838.5
"Lääne-Viru maakond","2015",2204.5,0.0,6.6,..,..,282.2,..,..,15.0,..,466.8,662.9,0.0,..,771.0
"Lääne-Viru maakond","2016",1952.6,0.0,0.0,..,..,249.7,..,..,18.3,..,348.6,528.2,0.0,..,807.8
"Lääne-Viru maakond","2017",767.7,0.0,0.0,..,..,127.3,..,..,16.2,..,129.8,301.4,0.0,..,193.0
"Lääne-Viru maakond","2018",198.0,0.0,0.0,..,..,21.8,..,..,28.4,..,40.9,51.7,0.0,..,55.2
"Lääne-Viru maakond","2019",284.1,0.0,0.0,..,..,51.8,..,..,20.3,..,73.6,53.1,0.0,..,85.3
"Lääne-Viru maakond","2020",433.5,0.0,0.0,..,..,44.4,..,..,22.2,..,92.9,108.2,0.0,..,165.8
"Lääne-Viru maakond","2021",380.6,0.0,0.0,..,..,40.7,..,..,18.7,..,101.9,84.1,0.0,..,135.3
"Lääne-Viru maakond","2022",404.1,0.8,0.0,..,..,22.0,..,..,3.6,..,66.6,27.3,0.0,..,283.8
"Lääne-Viru maakond","2023",304.4,0.0,0.0,..,..,21.9,..,..,2.7,..,53.3,27.8,0.0,..,198.7
"Põlva maakond","1991",..,..,..,..,..,..,..,..,..,..,..,..,..,..,..
"Põlva maakond","1992",..,..,..,..,..,..,..,..,..,..,..,..,..,..,..
"Põlva maakond","1993",2947.0,0.0,0.0,285.0,230.0,..,..,587.0,..,..,1845.0,..,..,..,..
"Põlva maakond","1994",2498.9,0.0,0.0,380.2,170.6,..,..,485.6,..,37.8,1394.0,..,11.4,19.3,0.0
"Põlva maakond","1995",1704.6,0.0,0.0,251.7,133.3,..,..,178.5,..,37.0,1094.1,..,7.2,2.8,0.0
"Põlva maakond","1996",1455.9,0.0,0.0,249.3,100.3,..,..,118.6,..,34.7,913.4,..,34.0,5.6,0.0
"Põlva maakond","1997",1608.4,0.0,0.0,574.2,150.9,..,..,187.1,..,37.9,651.6,..,6.7,0.0,0.0
"Põlva maakond","1998",1475.8,0.0,0.0,..,..,720.9,0.0,..,215.4,..,488.6,44.1,6.8,0.0,0.0
"Põlva maakond","1999",1513.3,3.2,0.0,..,..,651.6,0.0,..,226.9,..,461.4,138.3,9.3,0.0,22.6
"Põlva maakond","2000",1101.8,0.0,0.0,..,..,556.7,0.0,..,230.2,..,277.2,20.5,17.2,0.0,0.0
"Põlva maakond","2001",1135.3,0.0,0.0,..,..,567.8,0.0,..,228.2,..,283.9,39.9,15.5,0.0,0.0
"Põlva maakond","2002",671.0,3.6,0.0,..,..,138.8,0.0,..,18.3,..,79.5,256.4,121.9,..,52.5
"Põlva maakond","2003",453.8,10.0,117.0,..,..,121.9,0.0,..,29.6,..,58.2,12.0,24.4,..,80.7
"Põlva maakond","2004",498.7,7.9,0.9,..,..,56.6,0.0,..,25.4,..,158.8,104.4,13.1,..,131.6
"Põlva maakond","2005",1281.8,1.8,0.0,..,..,46.1,0.0,..,50.9,..,47.1,1129.4,0.0,..,6.5
"Põlva maakond","2006",400.4,0.8,0.0,..,..,61.8,0.0,..,25.3,..,57.8,136.9,69.1,..,48.7
"Põlva maakond","2007",518.8,3.6,0.0,..,..,209.9,0.0,..,28.3,..,59.3,153.7,0.3,..,63.7
"Põlva maakond","2008",349.5,0.0,0.0,..,..,185.4,..,..,30.3,..,60.5,35.3,0.0,..,38.0
"Põlva maakond","2009",94.5,2.3,0.0,..,..,31.7,..,..,3.0,..,4.4,19.1,0.0,..,34.0
"Põlva maakond","2010",524.8,9.0,0.5,..,..,55.7,..,..,13.4,..,21.5,399.4,1.0,..,24.3
"Põlva maakond","2011",306.4,2.8,0.0,..,..,40.6,..,..,19.4,..,18.4,104.0,3.9,..,117.3
"Põlva maakond","2012",255.7,0.0,2.8,..,..,31.9,..,..,3.3,..,20.8,89.8,6.5,..,100.6
"Põlva maakond","2013",230.9,0.0,0.0,..,..,20.3,..,..,7.8,..,49.2,97.3,1.2,..,55.1
"Põlva maakond","2014",503.8,3.3,0.0,..,..,9.3,..,..,9.9,..,266.6,86.9,10.4,..,117.4
"Põlva maakond","2015",205.9,0.0,0.0,..,..,5.0,..,..,8.8,..,140.4,19.1,0.0,..,32.6
"Põlva maakond","2016",467.1,0.0,0.0,..,..,10.0,..,..,23.4,..,96.1,286.8,0.8,..,50.0
"Põlva maakond","2017",207.1,0.0,1.6,..,..,26.8,..,..,14.5,..,70.5,22.7,0.6,..,70.4
"Põlva maakond","2018",85.3,0.0,0.0,..,..,2.6,..,..,15.7,..,37.9,17.9,0.2,..,11.0
"Põlva maakond","2019",191.1,0.0,0.0,..,..,1.3,..,..,8.3,..,19.8,96.2,0.0,..,65.5
"Põlva maakond","2020",199.9,0.0,0.0,..,..,2.6,..,..,3.9,..,26.1,126.0,0.2,..,41.1
"Põlva maakond","2021",136.4,0.0,0.0,..,..,2.0,..,..,0.0,..,25.4,53.5,0.0,..,55.5
"Põlva maakond","2022",458.5,0.0,0.0,..,..,10.6,..,..,2.8,..,28.3,25.3,0.0,..,391.6
"Põlva maakond","2023",709.4,0.0,23.6,..,..,10.5,..,..,0.0,..,24.6,232.5,0.0,..,418.2
"Pärnu maakond","1991",..,..,..,..,..,..,..,..,..,..,..,..,..,..,..
"Pärnu maakond","1992",..,..,..,..,..,..,..,..,..,..,..,..,..,..,..
"Pärnu maakond","1993",2295.1,0.0,18.1,155.8,23.3,..,..,105.0,..,..,1992.9,..,..,..,..
"Pärnu maakond","1994",1950.4,0.0,12.8,126.0,13.5,..,..,108.9,..,70.6,1428.1,..,188.0,2.5,0.0
"Pärnu maakond","1995",1623.2,0.0,30.2,102.6,49.3,..,..,57.8,..,43.8,1262.4,..,77.1,0.0,0.0
"Pärnu maakond","1996",1393.5,0.0,28.4,61.0,44.4,..,..,46.3,..,32.6,1100.3,..,77.1,3.4,0.0
"Pärnu maakond","1997",963.3,0.0,25.2,55.4,3.5,..,..,38.0,..,5.6,830.1,..,3.7,1.8,0.0
"Pärnu maakond","1998",807.2,0.0,0.0,..,..,55.2,0.0,..,69.9,..,649.4,8.1,0.0,0.0,24.6
"Pärnu maakond","1999",254.1,0.0,0.0,..,..,35.7,0.0,..,15.6,..,170.0,24.6,0.0,0.0,8.2
"Pärnu maakond","2000",482.4,0.0,0.0,..,..,44.9,0.0,..,28.8,..,393.7,2.2,0.0,0.0,12.8
"Pärnu maakond","2001",533.6,0.0,7.4,..,..,46.3,0.0,..,47.4,..,356.3,63.4,0.0,0.0,12.8
"Pärnu maakond","2002",1446.4,0.0,0.0,..,..,91.0,0.0,..,20.7,..,138.4,1192.5,3.0,..,0.8
"Pärnu maakond","2003",468.7,0.0,0.0,..,..,169.9,0.0,..,12.0,..,78.0,181.5,0.0,..,27.3
"Pärnu maakond","2004",347.2,0.0,2.0,..,..,154.9,0.0,..,6.2,..,52.5,106.5,0.0,..,25.1
"Pärnu maakond","2005",8788.6,0.0,7.1,..,..,154.4,0.0,..,14.0,..,43.2,8562.8,0.0,..,7.1
"Pärnu maakond","2006",2759.0,6.4,0.6,..,..,96.6,0.0,..,106.7,..,174.7,2177.1,0.5,..,196.6
"Pärnu maakond","2007",1506.4,0.2,3.6,..,..,151.0,0.0,..,64.9,..,354.1,723.1,3.4,..,206.1
"Pärnu maakond","2008",1353.3,0.4,3.6,..,..,289.4,..,..,65.1,..,149.8,493.0,11.2,..,340.8
"Pärnu maakond","2009",1361.6,2.5,0.0,..,..,103.0,..,..,26.3,..,63.1,611.8,5.8,..,549.1
"Pärnu maakond","2010",514.1,0.0,0.6,..,..,52.4,..,..,35.2,..,71.4,150.3,0.0,..,204.2
"Pärnu maakond","2011",678.5,0.2,0.0,..,..,67.0,..,..,41.1,..,82.9,174.4,0.0,..,312.9
"Pärnu maakond","2012",902.0,3.2,0.0,..,..,62.4,..,..,37.3,..,134.3,375.4,0.0,..,289.4
"Pärnu maakond","2013",1302.5,0.0,0.3,..,..,81.1,..,..,11.2,..,158.8,813.6,0.0,..,237.5
"Pärnu maakond","2014",1843.1,0.0,5.5,..,..,52.3,..,..,29.8,..,463.0,671.3,3.9,..,617.3
"Pärnu maakond","2015",771.2,0.0,0.5,..,..,21.9,..,..,6.8,..,317.8,290.8,0.0,..,133.4
"Pärnu maakond","2016",590.5,0.0,0.0,..,..,38.0,..,..,9.5,..,229.1,183.5,9.5,..,120.9
"Pärnu maakond","2017",350.1,0.0,0.0,..,..,42.9,..,..,5.5,..,128.0,138.4,4.0,..,31.3
"Pärnu maakond","2018",408.3,0.0,0.6,..,..,12.0,..,..,23.4,..,45.6,236.1,0.0,..,90.6
"Pärnu maakond","2019",154.7,0.0,0.6,..,..,2.6,..,..,27.0,..,53.3,19.4,0.0,..,51.8
"Pärnu maakond","2020",324.6,0.0,0.0,..,..,15.9,..,..,10.9,..,41.7,84.1,22.9,..,149.1
"Pärnu maakond","2021",94.3,0.0,0.0,..,..,6.5,..,..,1.2,..,29.9,13.9,0.0,..,42.9
"Pärnu maakond","2022",242.7,0.0,0.0,..,..,1.5,..,..,12.3,..,58.7,22.9,1.7,..,145.5
"Pärnu maakond","2023",199.5,0.0,0.0,..,..,0.7,..,..,2.5,..,48.0,43.2,0.2,..,104.9
"Rapla maakond","1991",..,..,..,..,..,..,..,..,..,..,..,..,..,..,..
"Rapla maakond","1992",..,..,..,..,..,..,..,..,..,..,..,..,..,..,..
"Rapla maakond","1993",1494.4,0.0,10.8,127.8,80.8,..,..,164.1,..,..,1110.9,..,..,..,..
"Rapla maakond","1994",397.5,0.0,0.0,58.2,18.9,..,..,112.6,..,0.9,161.1,..,0.0,45.8,0.0
"Rapla maakond","1995",714.1,0.0,0.0,150.5,0.0,..,..,96.4,..,8.2,388.3,..,0.0,70.7,0.0
"Rapla maakond","1996",512.4,0.0,2.0,36.9,1.9,..,..,86.3,..,7.0,321.8,..,0.0,56.5,0.0
"Rapla maakond","1997",788.8,0.0,2.0,37.1,1.9,..,..,427.1,..,0.0,267.0,..,0.0,53.7,0.0
"Rapla maakond","1998",529.6,0.0,2.0,..,..,229.4,0.0,..,11.0,..,228.3,5.0,11.5,0.0,42.4
"Rapla maakond","1999",395.6,0.0,0.0,..,..,95.7,0.0,..,50.9,..,136.9,97.7,1.0,0.0,13.4
"Rapla maakond","2000",396.4,0.0,0.0,..,..,135.7,0.0,..,55.0,..,113.2,64.4,13.0,0.0,15.1
"Rapla maakond","2001",633.9,0.0,0.0,..,..,185.2,0.0,..,54.2,..,110.1,263.2,8.0,0.0,13.2
"Rapla maakond","2002",1252.4,0.0,0.0,..,..,129.7,0.0,..,17.2,..,70.6,1020.1,5.0,..,9.8
"Rapla maakond","2003",2298.8,0.0,0.0,..,..,1486.7,0.0,..,43.0,..,156.5,552.8,0.5,..,59.3
"Rapla maakond","2004",2378.5,0.0,0.0,..,..,1310.4,0.0,..,10.6,..,250.0,756.2,41.1,..,10.2
"Rapla maakond","2005",3036.9,5.6,1.2,..,..,1844.3,0.0,..,60.2,..,262.9,802.5,0.0,..,60.2
"Rapla maakond","2006",2037.3,0.0,0.0,..,..,1092.2,0.0,..,77.4,..,285.9,526.5,0.3,..,55.0
"Rapla maakond","2007",1616.6,5.0,0.0,..,..,785.0,0.0,..,16.8,..,183.8,422.8,5.1,..,198.1
"Rapla maakond","2008",1642.2,0.0,4.5,..,..,780.7,..,..,34.2,..,141.0,441.3,1.7,..,238.8
"Rapla maakond","2009",1346.0,0.0,0.0,..,..,419.6,..,..,41.2,..,109.3,375.8,0.9,..,399.2
"Rapla maakond","2010",1197.3,2.4,0.0,..,..,470.6,..,..,12.1,..,102.0,128.6,0.0,..,481.7
"Rapla maakond","2011",1230.8,3.1,0.0,..,..,369.8,..,..,22.7,..,71.5,145.7,0.0,..,618.0
"Rapla maakond","2012",1625.1,0.3,1.2,..,..,287.8,..,..,21.5,..,58.2,858.6,0.0,..,397.5
"Rapla maakond","2013",1496.0,0.0,0.0,..,..,381.1,..,..,18.7,..,184.4,444.0,1.3,..,466.5
"Rapla maakond","2014",1542.6,1.1,0.0,..,..,142.1,..,..,25.5,..,113.6,954.3,0.0,..,306.0
"Rapla maakond","2015",766.3,0.0,0.0,..,..,176.2,..,..,11.5,..,87.9,247.7,1.4,..,241.6
"Rapla maakond","2016",596.4,0.0,0.0,..,..,113.1,..,..,5.7,..,88.3,290.7,0.0,..,98.6
"Rapla maakond","2017",339.8,0.0,0.0,..,..,100.1,..,..,0.4,..,69.6,121.8,5.0,..,42.9
"Rapla maakond","2018",128.5,0.0,0.0,..,..,32.7,..,..,19.0,..,36.7,4.0,6.5,..,29.6
"Rapla maakond","2019",142.3,0.0,0.0,..,..,34.4,..,..,20.6,..,21.3,6.1,0.0,..,59.8
"Rapla maakond","2020",221.3,0.0,0.0,..,..,64.8,..,..,2.6,..,44.1,34.1,2.7,..,73.0
"Rapla maakond","2021",193.7,0.0,0.0,..,..,69.5,..,..,3.3,..,59.2,13.2,0.0,..,48.6
"Rapla maakond","2022",215.2,0.0,0.0,..,..,60.1,..,..,10.3,..,35.6,8.4,0.0,..,100.7
"Rapla maakond","2023",333.5,0.0,0.0,..,..,49.5,..,..,9.7,..,72.8,20.9,0.7,..,180.0
"Saare maakond","1991",..,..,..,..,..,..,..,..,..,..,..,..,..,..,..
"Saare maakond","1992",..,..,..,..,..,..,..,..,..,..,..,..,..,..,..
"Saare maakond","1993",1615.7,0.0,0.0,81.5,28.1,..,..,34.1,..,..,1472.0,..,..,..,..
"Saare maakond","1994",1602.7,0.0,0.0,39.1,0.0,..,..,29.7,..,27.9,1506.0,..,0.0,0.0,0.0
"Saare maakond","1995",1361.8,0.0,0.0,41.0,0.0,..,..,30.3,..,27.0,1263.5,..,0.0,0.0,0.0
"Saare maakond","1996",1143.2,0.0,0.0,35.5,0.0,..,..,21.6,..,26.6,1059.5,..,0.0,0.0,0.0
"Saare maakond","1997",877.0,0.0,0.0,37.1,0.0,..,..,5.4,..,25.2,809.3,..,0.0,0.0,0.0
"Saare maakond","1998",589.9,0.0,0.0,..,..,100.6,0.0,..,0.7,..,488.6,0.0,0.0,0.0,0.0
"Saare maakond","1999",242.6,0.0,0.0,..,..,96.2,0.0,..,0.7,..,119.4,17.0,1.5,0.0,7.8
"Saare maakond","2000",371.0,0.0,0.0,..,..,145.3,0.0,..,0.7,..,201.7,0.5,1.0,0.0,21.8
"Saare maakond","2001",423.0,0.0,0.0,..,..,165.2,0.0,..,0.7,..,208.4,33.0,0.0,0.0,15.7
"Saare maakond","2002",261.5,0.0,0.0,..,..,48.8,0.0,..,0.0,..,0.0,207.9,4.8,..,0.0
"Saare maakond","2003",79.7,0.0,0.0,..,..,60.2,0.0,..,0.0,..,0.2,11.4,0.7,..,7.2
"Saare maakond","2004",115.4,0.0,0.0,..,..,110.1,0.0,..,0.0,..,4.8,0.5,0.0,..,0.0
"Saare maakond","2005",1567.9,0.0,0.0,..,..,38.0,0.0,..,0.0,..,0.0,1529.9,0.0,..,0.0
"Saare maakond","2006",292.3,0.0,0.0,..,..,28.6,0.0,..,0.0,..,26.9,153.7,71.3,..,11.8
"Saare maakond","2007",199.4,0.0,0.0,..,..,24.8,0.0,..,0.0,..,35.9,123.0,0.5,..,15.2
"Saare maakond","2008",223.5,127.1,0.0,..,..,32.4,..,..,0.0,..,0.0,36.5,0.0,..,27.5
"Saare maakond","2009",94.2,0.0,0.0,..,..,74.1,..,..,0.0,..,1.1,12.1,0.0,..,6.9
"Saare maakond","2010",157.4,8.6,0.0,..,..,69.6,..,..,0.0,..,0.0,15.7,0.0,..,63.5
"Saare maakond","2011",127.6,40.2,0.0,..,..,59.7,..,..,3.1,..,3.2,9.1,0.0,..,12.3
"Saare maakond","2012",188.3,68.0,0.0,..,..,27.7,..,..,3.9,..,41.7,3.6,0.0,..,43.4
"Saare maakond","2013",178.2,44.2,0.0,..,..,58.3,..,..,1.8,..,18.9,30.5,0.0,..,24.5
"Saare maakond","2014",205.6,63.1,0.0,..,..,33.4,..,..,2.5,..,9.8,34.3,0.0,..,62.5
"Saare maakond","2015",153.3,38.3,0.4,..,..,23.7,..,..,0.0,..,13.5,37.6,0.0,..,39.8
"Saare maakond","2016",64.2,2.0,0.0,..,..,4.8,..,..,0.0,..,5.4,39.0,0.0,..,13.0
"Saare maakond","2017",66.0,0.0,0.0,..,..,16.1,..,..,0.0,..,20.1,22.4,0.0,..,7.4
"Saare maakond","2018",63.1,0.0,0.0,..,..,20.2,..,..,0.0,..,0.0,2.1,0.0,..,40.8
"Saare maakond","2019",49.8,0.0,0.0,..,..,25.9,..,..,0.0,..,0.0,6.5,0.0,..,17.4
"Saare maakond","2020",80.2,0.2,0.0,..,..,41.8,..,..,0.0,..,0.0,17.0,0.0,..,21.3
"Saare maakond","2021",92.9,0.0,0.0,..,..,38.6,..,..,0.0,..,1.4,12.1,0.0,..,40.7
"Saare maakond","2022",79.0,9.5,0.0,..,..,38.9,..,..,0.0,..,3.2,3.3,0.0,..,24.2
"Saare maakond","2023",73.2,11.2,0.0,..,..,24.2,..,..,0.0,..,4.2,14.2,0.0,..,19.4
"Tartu maakond","1991",..,..,..,..,..,..,..,..,..,..,..,..,..,..,..
"Tartu maakond","1992",..,..,..,..,..,..,..,..,..,..,..,..,..,..,..
"Tartu maakond","1993",866.7,22.0,0.0,253.0,18.9,..,..,125.9,..,..,446.9,..,..,..,..
"Tartu maakond","1994",1398.3,22.0,12.2,428.8,168.7,..,..,90.6,..,10.0,665.0,..,0.0,1.0,0.0
"Tartu maakond","1995",1061.0,22.0,5.7,261.3,169.2,..,..,92.6,..,19.0,489.1,..,1.1,1.0,0.0
"Tartu maakond","1996",905.3,22.0,12.3,238.1,130.0,..,..,66.3,..,1.0,432.4,..,2.2,1.0,0.0
"Tartu maakond","1997",1309.4,0.0,7.3,283.2,170.4,..,..,132.1,..,6.6,707.8,..,1.0,1.0,0.0
"Tartu maakond","1998",961.4,0.0,5.2,..,..,111.7,0.0,..,72.5,..,549.2,220.7,2.1,0.0,0.0
"Tartu maakond","1999",1223.5,0.0,0.0,..,..,103.7,0.0,..,81.5,..,522.6,513.6,2.1,0.0,0.0
"Tartu maakond","2000",707.8,0.0,0.0,..,..,172.6,0.0,..,91.0,..,308.2,125.6,10.4,0.0,0.0
"Tartu maakond","2001",405.0,0.0,0.0,..,..,105.4,0.0,..,71.8,..,107.7,120.1,0.0,0.0,0.0
"Tartu maakond","2002",2221.4,0.0,0.0,..,..,318.9,0.0,..,40.4,..,68.4,1686.0,63.8,..,43.9
"Tartu maakond","2003",522.4,0.0,0.0,..,..,156.4,0.0,..,39.9,..,66.1,206.4,2.0,..,51.6
"Tartu maakond","2004",1456.9,0.0,0.0,..,..,464.7,0.0,..,161.8,..,344.2,410.4,7.0,..,68.8
"Tartu maakond","2005",2065.5,0.0,0.0,..,..,284.0,0.0,..,14.2,..,97.3,1619.5,0.5,..,50.0
"Tartu maakond","2006",693.0,0.0,0.0,..,..,88.2,1.0,..,49.6,..,76.7,394.7,5.7,..,77.1
"Tartu maakond","2007",668.7,41.0,1.2,..,..,160.5,0.0,..,18.3,..,80.5,257.5,0.1,..,109.6
"Tartu maakond","2008",638.5,1.3,1.2,..,..,330.5,..,..,29.2,..,80.4,107.4,0.0,..,88.5
"Tartu maakond","2009",346.1,0.0,1.5,..,..,80.8,..,..,15.3,..,40.5,62.1,0.0,..,145.9
"Tartu maakond","2010",780.6,0.0,0.0,..,..,95.6,..,..,13.6,..,50.1,503.9,0.0,..,117.4
"Tartu maakond","2011",553.9,0.8,0.0,..,..,68.7,..,..,10.9,..,53.7,306.0,0.0,..,113.8
"Tartu maakond","2012",849.9,0.0,27.4,..,..,185.9,..,..,8.2,..,80.6,299.1,3.3,..,245.4
"Tartu maakond","2013",561.5,0.0,0.0,..,..,118.6,..,..,16.3,..,58.4,253.8,4.5,..,109.9
"Tartu maakond","2014",764.2,0.8,0.0,..,..,74.6,..,..,4.9,..,394.0,188.0,2.7,..,99.2
"Tartu maakond","2015",419.0,0.0,0.0,..,..,41.4,..,..,32.1,..,212.2,72.3,0.0,..,61.0
"Tartu maakond","2016",721.0,3.9,0.0,..,..,28.6,..,..,11.9,..,219.5,403.5,0.0,..,53.6
"Tartu maakond","2017",382.1,0.0,0.0,..,..,33.1,..,..,17.4,..,257.3,29.4,0.0,..,44.9
"Tartu maakond","2018",81.3,0.0,0.0,..,..,8.7,..,..,12.2,..,29.8,7.8,2.0,..,20.9
"Tartu maakond","2019",207.4,0.0,0.0,..,..,34.2,..,..,2.8,..,59.6,16.3,0.0,..,94.5
"Tartu maakond","2020",149.0,0.0,0.0,..,..,39.0,..,..,5.6,..,24.2,26.3,0.0,..,53.9
"Tartu maakond","2021",276.2,0.0,0.0,..,..,24.9,..,..,2.3,..,27.3,122.3,0.1,..,99.2
"Tartu maakond","2022",422.1,2.3,0.0,..,..,22.8,..,..,2.0,..,40.0,67.7,0.0,..,287.4
"Tartu maakond","2023",405.4,0.0,22.6,..,..,26.9,..,..,2.0,..,27.5,40.3,0.0,..,286.2
"Valga maakond","1991",..,..,..,..,..,..,..,..,..,..,..,..,..,..,..
"Valga maakond","1992",..,..,..,..,..,..,..,..,..,..,..,..,..,..,..
"Valga maakond","1993",665.7,0.0,3.5,174.1,0.0,..,..,117.4,..,..,370.7,..,..,..,..
"Valga maakond","1994",471.1,0.0,25.6,261.5,42.0,..,..,75.4,..,9.4,50.8,..,0.0,6.4,0.0
"Valga maakond","1995",513.3,0.0,19.7,257.3,74.7,..,..,56.5,..,4.7,89.1,..,9.8,1.5,0.0
"Valga maakond","1996",421.8,0.0,15.0,207.3,90.3,..,..,41.9,..,4.7,60.6,..,0.5,1.5,0.0
"Valga maakond","1997",1468.4,0.0,26.9,252.2,116.7,..,..,195.0,..,11.9,832.3,..,31.5,1.9,0.0
"Valga maakond","1998",1225.3,0.0,24.9,..,..,312.8,0.0,..,87.7,..,722.9,42.4,23.5,0.0,11.1
"Valga maakond","1999",1060.9,0.0,24.9,..,..,242.6,0.0,..,62.5,..,665.3,7.3,42.9,0.0,15.4
"Valga maakond","2000",816.6,0.0,24.9,..,..,57.2,0.0,..,67.0,..,635.7,7.2,13.9,0.0,10.7
"Valga maakond","2001",885.1,0.0,24.9,..,..,42.0,0.0,..,78.9,..,603.6,58.7,3.2,0.0,73.8
"Valga maakond","2002",104.6,0.0,0.0,..,..,32.1,0.0,..,4.0,..,4.9,45.8,9.5,..,8.3
"Valga maakond","2003",226.2,0.3,0.0,..,..,33.5,0.0,..,63.2,..,65.2,5.6,1.6,..,56.8
"Valga maakond","2004",170.6,0.0,0.0,..,..,49.0,0.0,..,15.1,..,57.1,26.7,3.1,..,19.6
"Valga maakond","2005",3720.5,0.0,0.0,..,..,8.2,0.0,..,3.3,..,4.3,3695.6,7.6,..,1.5
"Valga maakond","2006",571.1,0.0,0.0,..,..,14.2,0.0,..,12.3,..,60.2,453.7,13.2,..,17.5
"Valga maakond","2007",346.9,25.5,0.0,..,..,7.1,0.0,..,18.1,..,161.2,103.6,4.8,..,26.6
"Valga maakond","2008",181.4,2.7,0.0,..,..,29.1,..,..,11.9,..,88.0,47.8,1.1,..,0.8
"Valga maakond","2009",150.7,0.0,0.0,..,..,24.3,..,..,12.6,..,73.9,30.8,0.0,..,9.1
"Valga maakond","2010",442.1,0.0,0.0,..,..,22.8,..,..,8.8,..,23.5,365.5,4.2,..,17.3
"Valga maakond","2011",244.9,0.0,0.0,..,..,16.1,..,..,20.4,..,77.0,103.3,0.0,..,28.1
"Valga maakond","2012",400.3,0.0,78.7,..,..,18.9,..,..,32.6,..,161.0,65.4,0.0,..,43.7
"Valga maakond","2013",341.4,0.7,0.0,..,..,40.0,..,..,29.2,..,95.4,133.5,2.2,..,40.4
"Valga maakond","2014",594.5,12.7,0.0,..,..,27.3,..,..,23.8,..,323.2,92.8,1.1,..,113.6
"Valga maakond","2015",401.2,0.0,0.6,..,..,23.2,..,..,33.2,..,207.1,58.3,6.0,..,72.8
"Valga maakond","2016",2775.8,0.0,0.0,..,..,52.0,..,..,13.9,..,108.2,2508.8,40.6,..,52.3
"Valga maakond","2017",526.5,0.0,0.0,..,..,29.2,..,..,22.0,..,131.4,280.3,32.1,..,31.6
"Valga maakond","2018",147.6,0.0,0.0,..,..,9.7,..,..,16.0,..,37.2,44.9,0.0,..,39.9
"Valga maakond","2019",527.2,0.0,0.0,..,..,2.5,..,..,18.6,..,39.2,178.4,1.1,..,287.3
"Valga maakond","2020",408.3,0.0,0.0,..,..,5.7,..,..,8.1,..,24.0,149.6,0.0,..,220.9
"Valga maakond","2021",249.0,0.0,0.0,..,..,4.9,..,..,11.7,..,12.4,41.7,0.0,..,178.4
"Valga maakond","2022",671.6,0.0,0.0,..,..,4.1,..,..,19.7,..,56.1,36.3,0.0,..,555.4
"Valga maakond","2023",441.4,0.0,1.4,..,..,0.4,..,..,4.8,..,26.5,35.8,0.0,..,372.6
"Viljandi maakond","1991",..,..,..,..,..,..,..,..,..,..,..,..,..,..,..
"Viljandi maakond","1992",..,..,..,..,..,..,..,..,..,..,..,..,..,..,..
"Viljandi maakond","1993",1926.9,0.0,0.0,97.5,13.3,..,..,246.2,..,..,1569.9,..,..,..,..
"Viljandi maakond","1994",1657.1,0.0,0.9,165.3,9.9,..,..,147.4,..,73.4,1256.9,..,0.0,3.3,0.0
"Viljandi maakond","1995",1703.8,0.0,0.0,137.1,18.6,..,..,120.5,..,59.6,1364.7,..,0.0,3.3,0.0
"Viljandi maakond","1996",1498.9,0.0,0.0,69.7,91.2,..,..,121.7,..,50.4,1155.0,..,0.0,10.9,0.0
"Viljandi maakond","1997",633.8,0.0,0.0,10.0,101.5,..,..,111.0,..,3.3,401.0,..,0.0,7.0,0.0
"Viljandi maakond","1998",456.1,0.0,0.0,..,..,40.9,0.0,..,18.4,..,375.5,17.4,0.0,0.0,3.9
"Viljandi maakond","1999",936.9,0.0,0.0,..,..,61.9,0.0,..,43.3,..,758.8,63.3,0.0,0.0,9.6
"Viljandi maakond","2000",637.8,0.0,0.0,..,..,44.3,0.0,..,42.6,..,507.1,19.7,2.4,0.0,21.7
"Viljandi maakond","2001",739.5,0.0,0.0,..,..,38.7,0.0,..,25.4,..,600.3,42.3,0.0,0.0,32.8
"Viljandi maakond","2002",121.6,0.0,0.0,..,..,36.6,0.0,..,28.2,..,17.4,20.9,9.6,..,8.9
"Viljandi maakond","2003",178.8,0.0,0.0,..,..,76.6,0.0,..,10.1,..,38.0,8.9,0.0,..,45.2
"Viljandi maakond","2004",605.9,0.0,1.3,..,..,76.6,0.0,..,105.9,..,373.5,15.3,10.4,..,22.9
"Viljandi maakond","2005",2886.9,0.0,0.0,..,..,65.4,0.0,..,53.4,..,67.3,2688.9,0.0,..,11.9
"Viljandi maakond","2006",3942.0,14.1,1.0,..,..,226.9,0.0,..,118.5,..,66.1,3437.6,2.0,..,75.8
"Viljandi maakond","2007",1498.1,4.4,0.6,..,..,189.0,0.0,..,19.7,..,200.8,562.1,0.2,..,521.3
"Viljandi maakond","2008",987.5,4.2,0.0,..,..,241.6,..,..,166.5,..,33.5,265.9,1.3,..,274.5
"Viljandi maakond","2009",841.0,5.2,4.0,..,..,55.6,..,..,30.2,..,139.0,116.9,2.5,..,487.6
"Viljandi maakond","2010",783.2,4.0,0.0,..,..,64.8,..,..,32.8,..,42.7,354.2,0.0,..,284.7
"Viljandi maakond","2011",607.9,1.3,1.3,..,..,42.5,..,..,71.6,..,55.3,225.2,0.0,..,210.7
"Viljandi maakond","2012",716.6,0.8,44.9,..,..,176.4,..,..,44.3,..,94.2,213.3,0.0,..,142.7
"Viljandi maakond","2013",915.7,0.0,1.5,..,..,60.2,..,..,15.8,..,185.6,517.7,0.0,..,134.9
"Viljandi maakond","2014",1128.1,0.0,0.0,..,..,42.9,..,..,6.1,..,554.7,319.4,0.9,..,204.1
"Viljandi maakond","2015",616.7,0.0,0.2,..,..,27.5,..,..,8.6,..,363.0,176.3,0.0,..,41.1
"Viljandi maakond","2016",477.0,0.0,1.1,..,..,28.6,..,..,8.3,..,349.5,53.0,0.7,..,35.8
"Viljandi maakond","2017",320.7,0.0,1.3,..,..,18.7,..,..,8.9,..,160.5,85.7,0.0,..,45.6
"Viljandi maakond","2018",222.6,0.0,0.0,..,..,11.4,..,..,5.9,..,144.1,24.1,5.1,..,32.1
"Viljandi maakond","2019",154.6,0.0,0.0,..,..,0.0,..,..,12.9,..,84.1,13.3,1.2,..,43.2
"Viljandi maakond","2020",252.1,0.0,0.0,..,..,0.0,..,..,9.0,..,110.3,62.5,5.8,..,64.5
"Viljandi maakond","2021",149.7,0.0,0.0,..,..,0.0,..,..,1.7,..,65.0,24.8,0.0,..,58.2
"Viljandi maakond","2022",210.4,0.0,0.0,..,..,3.2,..,..,1.7,..,78.7,24.4,0.0,..,102.5
"Viljandi maakond","2023",259.4,0.0,0.0,..,..,1.8,..,..,3.0,..,46.9,6.3,10.2,..,191.2
"Võru maakond","1991",..,..,..,..,..,..,..,..,..,..,..,..,..,..,..
"Võru maakond","1992",..,..,..,..,..,..,..,..,..,..,..,..,..,..,..
"Võru maakond","1993",814.6,0.0,122.6,155.3,50.0,..,..,1.7,..,..,485.0,..,..,..,..
"Võru maakond","1994",856.4,0.0,122.6,130.1,52.9,..,..,6.7,..,37.8,493.3,..,10.2,2.8,0.0
"Võru maakond","1995",1490.8,0.0,127.9,192.4,318.1,..,..,0.2,..,48.5,786.2,..,3.0,2.8,11.7
"Võru maakond","1996",1232.5,0.0,127.9,67.4,142.2,..,..,0.2,..,12.4,859.9,..,12.3,0.9,9.3
"Võru maakond","1997",775.4,11.2,37.5,64.0,148.6,..,..,0.2,..,32.5,471.7,..,7.2,2.5,0.0
"Võru maakond","1998",684.2,11.2,31.2,..,..,60.1,0.0,..,129.9,..,382.6,64.6,4.4,0.0,0.2
"Võru maakond","1999",735.3,22.4,57.2,..,..,71.7,0.0,..,164.4,..,360.8,46.6,12.0,0.0,0.2
"Võru maakond","2000",595.1,11.2,23.3,..,..,65.3,0.0,..,161.5,..,313.2,13.6,7.0,0.0,0.0
"Võru maakond","2001",882.6,11.2,23.3,..,..,102.5,0.0,..,356.0,..,297.0,59.1,9.7,0.0,23.8
"Võru maakond","2002",168.6,0.0,0.0,..,..,77.5,0.0,..,24.5,..,15.6,14.4,24.9,..,11.7
"Võru maakond","2003",644.8,0.0,0.0,..,..,235.1,0.0,..,35.5,..,215.8,71.1,0.8,..,86.5
"Võru maakond","2004",146.7,0.0,0.0,..,..,62.1,0.0,..,25.0,..,23.2,15.6,0.0,..,20.8
"Võru maakond","2005",5045.1,3.6,0.0,..,..,161.7,0.0,..,30.4,..,142.7,4653.6,4.7,..,48.4
"Võru maakond","2006",759.4,10.4,3.5,..,..,54.7,0.0,..,35.6,..,89.8,493.0,14.5,..,57.9
"Võru maakond","2007",435.8,0.0,1.9,..,..,70.3,0.0,..,16.3,..,31.7,267.0,7.6,..,41.0
"Võru maakond","2008",510.2,1.9,2.5,..,..,91.5,..,..,36.2,..,168.4,186.8,0.8,..,22.1
"Võru maakond","2009",242.4,0.0,0.0,..,..,17.5,..,..,14.6,..,64.7,76.6,9.1,..,59.9
"Võru maakond","2010",442.7,1.5,0.0,..,..,38.3,..,..,18.7,..,79.4,258.2,0.0,..,46.6
"Võru maakond","2011",408.1,1.9,0.0,..,..,33.6,..,..,26.5,..,181.5,83.0,0.3,..,81.3
"Võru maakond","2012",433.6,2.4,0.2,..,..,32.2,..,..,18.3,..,233.8,64.4,0.0,..,82.3
"Võru maakond","2013",300.4,5.9,0.9,..,..,53.2,..,..,15.1,..,77.3,44.1,1.9,..,102.0
"Võru maakond","2014",478.4,2.7,0.0,..,..,58.4,..,..,59.2,..,212.6,37.2,15.4,..,92.9
"Võru maakond","2015",147.9,0.0,0.0,..,..,10.6,..,..,30.3,..,72.1,20.0,0.0,..,14.9
"Võru maakond","2016",671.6,2.0,0.0,..,..,15.1,..,..,7.6,..,105.6,525.1,0.0,..,16.2
"Võru maakond","2017",343.5,0.0,0.0,..,..,30.1,..,..,10.0,..,149.4,117.4,1.0,..,35.7
"Võru maakond","2018",128.0,0.0,0.0,..,..,20.8,..,..,24.9,..,29.9,26.2,1.6,..,24.7
"Võru maakond","2019",296.5,0.0,0.0,..,..,3.6,..,..,24.4,..,68.6,121.2,0.2,..,78.5
"Võru maakond","2020",299.9,0.0,0.0,..,..,12.0,..,..,21.8,..,43.7,166.6,0.3,..,55.6
"Võru maakond","2021",207.6,0.2,0.0,..,..,2.9,..,..,22.2,..,24.6,43.2,1.1,..,113.4
"Võru maakond","2022",552.5,0.6,0.0,..,..,6.4,..,..,15.1,..,33.9,46.9,0.1,..,449.4
"Võru maakond","2023",1075.9,0.8,2.4,..,..,4.5,..,..,4.5,..,15.1,646.3,0.0,..,402.3
